{
  "intents": [
    {
      "tag": "greeting",
      "patterns": [
        "Hi",
        "Hey",
        "How are you",
        "Is anyone there?",
        "Hello",
        "Good day"
      ],
      "responses": [
       
        
        
        "Hi there, how can I help? 1) 2)courses 3) fees 4) faculty 5)infrastructure 6) internships"
      ]
    },
    {
      "tag": "goodbye",
      "patterns": ["Bye", "See you later", "Goodbye"],
      "responses": [
        "See you later, thanks for visiting",
        "Have a nice day",
        "Bye! Come back again soon."
      ]
    },
    {
      "tag": "thanks",
      "patterns": ["Thanks", "Thank you", "That's helpful", "Thank's a lot!"],
      "responses": ["Happy to help!", "Any time!", "My pleasure"]
    },
    {
      "tag": "items",
      "patterns": [
        
        "Hi there, what can I do for you?",
        "Hi there, how can I help?"
      ],
      "responses": [
        
        "",
        "We have coffee and tea"
      ]
    },
    {
      "tag": "payment fees ",
      "patterns": [ 
        "Do you take credit cards?",
        "Do you accept Mastercard?",
        "Can I pay with Paypal?",
        "Are you cash only?",
        "CAN I PAY CASH?"
      ],
      "responses": [
        "We accept VISA, Mastercard and Paypal",
        "We accept most major credit cards, and Paypal",
        "YES YOU PAY"
      ]
    },
   
    {
      "tag":  "courses",
      "patterns":["courses"
      
      
      ],
      "responses":[ " 1) information technology   ,   2) computer science engineering   ,   3) computer engineering"
      
      ]

    },

    {
      "tag":  "fees",
      "patterns":["fees"
      
      
      ],
      "responses":[ " IT fees , CSE fees,CE fees "
      
      ]

    },

    {
      "tag":  "faculty",
      "patterns":["faculty"
      
      
      ],
      "responses":[ " IT faculty, CSE faculty, CE faculty "
      
      ]

    },


    {
      "tag":  "information technology ",
      "patterns":["information technology "
      
      
      ],
      "responses":[ " IT fees ,  IT faculty "
      
      ]

    },

    {
      "tag":  "computer science engineering ",
      "patterns":["computer science engineering "
      
      
      ],
      "responses":[ " CSE fees ,  CSE faculty "
      
      ]

    },


    {
      "tag":  "computer engineering",
      "patterns":["computer engineering"
      
      
      ],
      "responses":[ " CE fees ,  CE  faculty "
      
      ]

    },
   
    {
      "tag":  " IT fees",
      "patterns":[" IT fees"
      
      
      ],
      "responses":[ " 1) 1st year IT fees,   2) 2nd year IT  fees ,   3) 3rd year IT  fees,    4) 4th year IT fees ,    5) all year  IT fees"
      
      ]

    },
    {
      "tag":  " IT fees sy",
      "patterns":["2nd year IT fees"
      
      
      ],
      "responses":[ "1 lakh "
      
      ]

    },

    {
      "tag":  "IT fees fy",
      "patterns":[
      "1st year IT  fees"
      
      ],
      "responses":[ 
      "2 lakh"
      ]

    },

    {
      "tag":  " IT fees ty",
      "patterns":["3rd year  IT fees"
      
      
      ],
      "responses":[ "3 lakh "
      
      ]

    },


    {
      "tag":  "IT fees fy",
      "patterns":["4th year IT  fees"
      
      
      ],
      "responses":[ "4 lakh "
      
      ]

    },

    {
      "tag":  " all year IT fees",
      "patterns":["all year IT  fees"
      
      
      ],
      "responses":[ "  fees 1st IT year - 1 lakh , fees 2nd  IT year - 2 lakh , fees 3rd IT year - 3 lakh , fees 4th IT year - 4 lakh "
      
      ]

    },
    
    {
      "tag":  " CSE fees",
      "patterns":[" CSE fees"
      
      
      ],
      "responses":[ " 1) 1st year CSE fees,   2) 2nd year CSE fees ,   3) 3rd year CSE fees,    4) 4th year  CSE fees ,    5) all year CSE fees"
      
      ]

    },
    {
      "tag":  " CSE fees sy",
      "patterns":["2nd year  CSE fees"
      
      
      ],
      "responses":[ "1 lakh "
      
      ]

    },

    {
      "tag":  " CSE fees fy",
      "patterns":[
      "1st year  CSE fees"
      
      ],
      "responses":[ 
      "2 lakh"
      ]

    },

    {
      "tag":  " CSE fees ty",
      "patterns":["3rd year CSE  fees"
      
      
      ],
      "responses":[ "3 lakh "
      
      ]

    },


    {
      "tag":  " CSE fees fy",
      "patterns":["4nd year CSE fees"
      
      
      ],
      "responses":[ "4 lakh "
      
      ]

    },

    {
      "tag":  " all year  CSE fees",
      "patterns":["all year CSE  fees"
      
      
      ],
      "responses":[ " CSE  fees 1st  year - 1 lakh , CSE fees 2nd year - 2 lakh ,CSE fees 3rd year - 3 lakh ,CSE fees 4th year - 4 lakh "
      
      ]

    },
    
    {
      "tag":  " CE fees",
      "patterns":[" CE fees"
      
      
      ],
      "responses":[ " 1) 1st year CE fees,   2) 2nd year CE fees ,   3) 3rd year  CE fees,    4) 4th year  CE fees ,    5) all year CE  fees"
      
      ]

    },
    {
      "tag":  " CE fees sy",
      "patterns":["2nd year CE  fees"
      
      
      ],
      "responses":[ "1 lakh "
      
      ]

    },

    {
      "tag":  " CE fees fy",
      "patterns":[
      "1st year  CE fees"
      
      ],
      "responses":[ 
      "2 lakh"
      ]

    },

    {
      "tag":  " CE fees ty",
      "patterns":["3rd year CE  fees"
      
      
      ],
      "responses":[ "3 lakh "
      
      ]

    },


    {
      "tag":  " CE fees fy",
      "patterns":["4nd year CE fees"
      
      
      ],
      "responses":[ "4 lakh "
      
      ]

    },

    {
      "tag":  " all year  CE fees",
      "patterns":["all year CE  fees"
      
      
      ],
      "responses":[ " CE  fees 1st year - 1 lakh , CE fees 2nd year - 2 lakh ,CE  fees 3rd year - 3 lakh ,CE  fees 4th year - 4 lakh "
      
      ]

    },
    
    {
      "tag": "faculty",
      "patterns": [
        "faculty"
        
      ],

      "responses": [
        "IT , CSE ,  CE"
      ]
    },

    {
      "tag": "IT",
      "patterns": [
        "IT faculty"
        
      ],

      "responses": [
        "Prof. Radhika patel ,Prof. sachin patel, Prof. chintal raval"
      ]
    },
    {
      "tag": "CSE",
      "patterns": [
        "CSE faculty"
        
      ],

      "responses": [
        "Prof. Rajesh patel ,Prof. Nena patel,Prof. Aakash patel"
      ]
    },

    {
      "tag": "CE",
      "patterns": [
        "CE faculty"
        
      ],

      "responses": [
        "Prof. Ritiksha modi,Prof. Dhurvi patel,Prof. Nidhi patel"
      ]
    },
    {
      "tag": "infrastructure",
      "patterns": [
        "infrastructure"
        
      ],

      "responses": [
        "department labs,hostel facility"
      ]
    },



    {
      "tag": "department labs",
      "patterns": [
        "department labs "
        
      ],

      "responses": [
        
        "1st floor - Department of Information Technology  , 2nd floor - Classrooms for FE and library, 3rd floor -  Department of Computer Engineering"
      ]
    },


    


    {
      "tag": "hostel facility",
      "patterns": [
        "hostel facility"
        
      ],

      "responses": [
        " Hostel Payment Details A.Y. 2019-20 (Girls Hostel and Boys Hostel), Hostel Deposit - Rs. 15,000/- , Hostel fees - 40,000/- , Hostel mess - 30,000/-  "
      ]
    },
    

    {
      "tag": "internships",
      "patterns": [
        "internships"
        
      ],

      "responses": [
        " Our college train students to get interships- Interships plays an important role to get jobs in dream company "
      ]
    }



  ]
}
